{"Amaranth": [[0.4774193548387097, "Chilli peppers"], [0.46176470588235297, "Sweet corn"], [0.3790322580645161, "Squash"], [0.3277777777777778, "Spring onions"], [0.3125, "Savory - winter savory"], [0.3125, "Savory - summer savory"]], "Angelica": [[0.25, "Yacon"], [0.25, "Sweet Marjoram"], [0.25, "Spinach"], [0.25, "Sage"], [0.25, "Rocket"], [0.25, "Lemon Balm"]], "Artichokes": [[0.2361111111111111, "Thyme"], [0.1388888888888889, "Rosemary"], [0.1388888888888889, "Asparagus Pea"], [0.078125, "Celery"], [0.06944444444444445, "Strawberry Plants"], [0.06944444444444445, "Strawberries"]], "Asparagus": [[0.27, "Savory - winter savory"], [0.2536111111111111, "Sunflower"], [0.25, "Beans - dwarf"], [0.25, "Beans - climbing"], [0.2338235294117647, "Sweet corn"], [0.23148148148148148, "Choko Chayote"]], "Asparagus Pea": [[0.3125, "Spring onions"], [0.3125, "Dill"], [0.30625, "Collards"], [0.30178571428571427, "Lettuce"], [0.29166666666666663, "Daikon"], [0.29166666666666663, "Chinese cabbage"]], "Basil": [[0.5166666666666667, "Capsicum"], [0.3404411764705882, "Sweet corn"], [0.3333333333333333, "Chilli peppers"], [0.2834967320261438, "Tomato"], [0.280241935483871, "Okra"], [0.2777777777777778, "Cowpeas"]], "Beans - climbing": [[0.5700000000000001, "Savory - summer savory"], [0.4117647058823529, "Chilli peppers"], [0.4111111111111111, "Horseradish"], [0.3458333333333333, "Beans - dwarf"], [0.3375, "Peas"], [0.32291666666666663, "Collards"]], "Beans - dwarf": [[0.7075, "Savory - summer savory"], [0.43125, "Kohlrabi"], [0.4111111111111111, "Horseradish"], [0.4075, "Savory - winter savory"], [0.40625, "Kale"], [0.3611111111111111, "Chives"]], "Beetroot": [[0.6072916666666666, "Chinese cabbage"], [0.540625, "Spring onions"], [0.46402439024390246, "Kohlrabi"], [0.43902439024390244, "Kale"], [0.4359375, "Spinach"], [0.41527777777777775, "Lettuce"]], "Borage": [[0.5, "Sweet Marjoram"], [0.5, "Lemon Balm"], [0.41666666666666663, "Daikon"], [0.41666666666666663, "Chinese cabbage"], [0.37760416666666663, "Beetroot"], [0.3388888888888889, "Cucumber"]], "Broad Beans": [[0.3703488372093023, "Salsify"], [0.3586046511627907, "Carrot"], [0.33382352941176474, "Florence Fennel"], [0.3203488372093023, "Cauliflower"], [0.31329755515802027, "Parsley"], [0.3125, "Celeriac"]], "Broccoli": [[0.4722560975609756, "Spring onions"], [0.39, "Rockmelon"], [0.3695121951219512, "Parsley"], [0.36890243902439024, "Shallots"], [0.36890243902439024, "Carrot"], [0.3617886178861789, "Rutabaga"]], "Brussels sprouts": [[0.4424953095684803, "Celeriac"], [0.4097560975609756, "Spring onions"], [0.3445121951219512, "Salsify"], [0.3445121951219512, "Cauliflower"], [0.32285714285714284, "Garlic"], [0.3087979094076655, "Potato"]], "Burdock": [[0.425, "Celery"], [0.28125, "Chicory"], [0.25, "Strawberry Plants"], [0.25, "Strawberries"], [0.25, "Spring onions"], [0.25, "Parsnip"]], "Cabbage": [[0.46534391534391534, "Spring onions"], [0.29166666666666663, "Snow Peas"], [0.2875, "Shallots"], [0.28194444444444444, "Rutabaga"], [0.2722222222222222, "Broccoli"], [0.2475, "Eggplant"]], "Cape Gooseberry": [[0.375, "Fennel"], [0.3333333333333333, "Florence Fennel"], [0.2589285714285714, "Salsify"], [0.254985754985755, "Cardoon"], [0.2520833333333333, "Carrot"], [0.25, "Yacon"]], "Capsicum": [[0.5166666666666667, "Basil"], [0.36666666666666664, "Chilli peppers"], [0.3305555555555556, "Sunflower"], [0.32377450980392153, "Sweet corn"], [0.317741935483871, "Okra"], [0.3084967320261438, "Tomato"]], "Cardoon": [[0.254985754985755, "Cape Gooseberry"], [0.21300602928509904, "French tarragon"], [0.20454545454545456, "Thyme"], [0.20454545454545456, "Endive"], [0.2037037037037037, "Yacon"], [0.2037037037037037, "Sweet Marjoram"]], "Carrot": [[0.5091836734693878, "Cowpeas"], [0.41500000000000004, "Parsley"], [0.41500000000000004, "Leeks"], [0.4125, "Spring onions"], [0.395, "Shallots"], [0.36890243902439024, "Broccoli"]], "Cauliflower": [[0.4375, "Salsify"], [0.4285714285714286, "Potato"], [0.425, "Spring onions"], [0.35416666666666663, "Horseradish"], [0.3445121951219512, "Brussels sprouts"], [0.34375, "Florence Fennel"]], "Celeriac": [[0.4875, "Spring onions"], [0.4424953095684803, "Brussels sprouts"], [0.35612244897959183, "Cowpeas"], [0.33035714285714285, "Chicory"], [0.3125, "Broad Beans"], [0.30414746543778803, "Horseradish"]], "Celery": [[0.425, "Burdock"], [0.23958333333333331, "Chicory"], [0.23148148148148145, "Parsnip"], [0.21666666666666667, "Broad Beans"], [0.2148148148148148, "Spinach"], [0.2111111111111111, "Silverbeet"]], "Chicory": [[0.55, "Spring onions"], [0.41666666666666663, "Horseradish"], [0.33035714285714285, "Celeriac"], [0.29444444444444445, "Garlic"], [0.29166666666666663, "Cauliflower"], [0.28125, "Burdock"]], "Chilli peppers": [[0.557741935483871, "Okra"], [0.4774193548387097, "Amaranth"], [0.45555555555555555, "Sweet Marjoram"], [0.4222222222222222, "French tarragon"], [0.4117647058823529, "Beans - climbing"], [0.3789115646258503, "Collards"]], "Chinese cabbage": [[0.675, "Spring onions"], [0.675, "Dill"], [0.6072916666666666, "Beetroot"], [0.55, "Spinach"], [0.525, "Silverbeet"], [0.5, "Daikon"]], "Chives": [[0.45, "Silverbeet"], [0.4125, "Kohlrabi"], [0.4125, "Kale"], [0.4125, "Collards"], [0.3611111111111111, "Beans - dwarf"], [0.35416666666666663, "Spinach"]], "Choko Chayote": [[0.23148148148148148, "Beans - dwarf"], [0.23148148148148148, "Beans - climbing"], [0.23148148148148148, "Asparagus"], [0.2109375, "Turnip"], [0.2037037037037037, "Savory - winter savory"], [0.2037037037037037, "Savory - summer savory"]], "Collards": [[0.6, "Spring onions"], [0.4125, "Chives"], [0.40625, "Lettuce"], [0.3789115646258503, "Chilli peppers"], [0.375, "Silverbeet"], [0.375, "Kohlrabi"]], "Coriander": [[0.41666666666666663, "French tarragon"], [0.3125, "Mizuna"], [0.30319148936170215, "Spinach"], [0.3020833333333333, "Rocket"], [0.3003289473684211, "Radish"], [0.26282051282051283, "Corn Salad"]], "Corn Salad": [[0.55, "Spring onions"], [0.35, "Mustard greens"], [0.3035714285714286, "Mizuna"], [0.29166666666666663, "Spinach"], [0.2791666666666667, "Radish"], [0.26282051282051283, "Coriander"]], "Cowpeas": [[0.7861111111111111, "Sweet corn"], [0.5774999999999999, "Rutabaga"], [0.5708333333333333, "Marrow"], [0.5091836734693878, "Carrot"], [0.5083333333333333, "Luffa"], [0.4646341463414634, "Turnip"]], "Cucumber": [[0.5529411764705883, "NZ Spinach"], [0.40555555555555556, "Tomato"], [0.36127450980392156, "Chilli peppers"], [0.35049019607843135, "Beans - dwarf"], [0.3442176870748299, "Collards"], [0.3388888888888889, "Sweet Marjoram"]], "Daikon": [[0.5, "Chinese cabbage"], [0.41666666666666663, "Sweet Marjoram"], [0.41666666666666663, "Lemon Balm"], [0.41666666666666663, "Borage"], [0.375, "Spring onions"], [0.375, "Dill"]], "Dill": [[0.675, "Chinese cabbage"], [0.5, "Spring onions"], [0.37857142857142856, "Lettuce"], [0.375, "Daikon"], [0.325, "Silverbeet"], [0.3125, "Asparagus Pea"]], "Eggplant": [[0.4, "Watermelon"], [0.3125, "Shallots"], [0.2954545454545454, "Rockmelon"], [0.28888888888888886, "Marrow"], [0.2638888888888889, "Okra"], [0.2475, "Cabbage"]], "Endive": [[0.41500000000000004, "Sunflower"], [0.30833333333333335, "Spinach"], [0.3, "Thyme"], [0.29107142857142854, "Lettuce"], [0.27314814814814814, "Beans - climbing"], [0.2652777777777778, "Basil"]], "Fennel": [[0.375, "Cape Gooseberry"], [0.2916666666666667, "Florence Fennel"], [0.2520833333333333, "Shallots"], [0.25, "Yacon"], [0.25, "Sweet Marjoram"], [0.25, "Spinach"]], "Florence Fennel": [[0.4017857142857143, "Salsify"], [0.4, "Cowpeas"], [0.39583333333333337, "Potato"], [0.35, "Horseradish"], [0.34375, "Cauliflower"], [0.33382352941176474, "Broad Beans"]], "French tarragon": [[0.4222222222222222, "Chilli peppers"], [0.41666666666666663, "Coriander"], [0.3157894736842105, "Rocket"], [0.2780769230769231, "Mustard greens"], [0.2765957446808511, "Spinach"], [0.25, "Yacon"]],